u,v
CJ올리브네트웍스역삼점,(주)거북곱창
GS25서초제일점,(주)거북곱창
KFC서초동,(주)거북곱창
강남일미포차,(주)거북곱창
교촌치킨역삼1호점,(주)거북곱창
금문도,(주)거북곱창
김영모과자점,(주)거북곱창
도미노피자서초점,(주)거북곱창
두나서점도곡점,(주)거북곱창
뚜레쥬르서초역점,(주)거북곱창
맥도날드강남점,(주)거북곱창
미니스톱강남센터점,(주)거북곱창
봉피양,(주)거북곱창
빈로이,(주)거북곱창
서초버드나무집,(주)거북곱창
아웃백양재점,(주)거북곱창
아이제이,(주)거북곱창
연화산,(주)거북곱창
왕대박감자탕,(주)거북곱창
주식회사비에스케이코퍼레이션,(주)거북곱창
커피빈강남대로점,(주)거북곱창
커피빈서초우성점,(주)거북곱창
토니모리강남점,(주)거북곱창
파리바게뜨,(주)거북곱창
파리크라상강남역,(주)거북곱창
파스쿠찌,(주)거북곱창
황토감자탕,(주)거북곱창
CJ올리브네트웍스역삼점,(주)대한음악사서초지점
KFC서초동,(주)대한음악사서초지점
금문도,(주)대한음악사서초지점
김영모과자점,(주)대한음악사서초지점
더샘강남역점,(주)대한음악사서초지점
도미노피자서초점,(주)대한음악사서초지점
두나서점도곡점,(주)대한음악사서초지점
뚜레쥬르서초역점,(주)대한음악사서초지점
매드포갈릭예술의전당점,(주)대한음악사서초지점
맥도날드강남점,(주)대한음악사서초지점
미니스톱강남센터점,(주)대한음악사서초지점
봉피양,(주)대한음악사서초지점
빈로이,(주)대한음악사서초지점
서초버드나무집,(주)대한음악사서초지점
아웃백양재점,(주)대한음악사서초지점
연화산,(주)대한음악사서초지점
커피빈강남대로점,(주)대한음악사서초지점
커피빈서초우성점,(주)대한음악사서초지점
토니모리강남점,(주)대한음악사서초지점
파리바게뜨,(주)대한음악사서초지점
파리크라상강남역,(주)대한음악사서초지점
한국아트체인,(주)대한음악사서초지점
CJ올리브네트웍스역삼점,(주)툴쿠아즈
GS25서초제일점,(주)툴쿠아즈
강남일미포차,(주)툴쿠아즈
도스타코스본점,(주)툴쿠아즈
디에이비강남점,(주)툴쿠아즈
뚜레쥬르서초역점,(주)툴쿠아즈
맥도날드강남점,(주)툴쿠아즈
빈로이,(주)툴쿠아즈
아웃백양재점,(주)툴쿠아즈
엔제리너스강남교보타워,(주)툴쿠아즈
엘투제이뮈렌,(주)툴쿠아즈
왕대박감자탕,(주)툴쿠아즈
(주)거북곱창,CJ올리브네트웍스역삼점
(주)대한음악사서초지점,CJ올리브네트웍스역삼점
(주)툴쿠아즈,CJ올리브네트웍스역삼점
GS25서초제일점,CJ올리브네트웍스역삼점
KFC서초동,CJ올리브네트웍스역삼점
강남일미포차,CJ올리브네트웍스역삼점
고종의아침,CJ올리브네트웍스역삼점
교촌치킨역삼1호점,CJ올리브네트웍스역삼점
금문도,CJ올리브네트웍스역삼점
김영모과자점,CJ올리브네트웍스역삼점
더샘강남역점,CJ올리브네트웍스역삼점
도스타코스본점,CJ올리브네트웍스역삼점
디에이비강남점,CJ올리브네트웍스역삼점
뚜레쥬르서초역점,CJ올리브네트웍스역삼점
마키노차야역삼점,CJ올리브네트웍스역삼점
매드포갈릭예술의전당점,CJ올리브네트웍스역삼점
맥도날드강남점,CJ올리브네트웍스역삼점
미니스톱강남센터점,CJ올리브네트웍스역삼점
미스터피자선릉점,CJ올리브네트웍스역삼점
봉피양,CJ올리브네트웍스역삼점
빈로이,CJ올리브네트웍스역삼점
삼통치킨,CJ올리브네트웍스역삼점
서초버드나무집,CJ올리브네트웍스역삼점
세븐일레븐양재점,CJ올리브네트웍스역삼점
아리따움강남역지하점,CJ올리브네트웍스역삼점
아웃백양재점,CJ올리브네트웍스역삼점
아이제이,CJ올리브네트웍스역삼점
에프샵2,CJ올리브네트웍스역삼점
엔제리너스강남교보타워,CJ올리브네트웍스역삼점
엘투제이뮈렌,CJ올리브네트웍스역삼점
연화산,CJ올리브네트웍스역삼점
왕대박감자탕,CJ올리브네트웍스역삼점
주식회사비에스케이코퍼레이션,CJ올리브네트웍스역삼점
커피빈강남대로점,CJ올리브네트웍스역삼점
커피빈서초우성점,CJ올리브네트웍스역삼점
토니모리강남점,CJ올리브네트웍스역삼점
파리바게뜨,CJ올리브네트웍스역삼점
파리크라상강남역,CJ올리브네트웍스역삼점
파스쿠찌,CJ올리브네트웍스역삼점
한국아트체인,CJ올리브네트웍스역삼점
황토감자탕,CJ올리브네트웍스역삼점
(주)거북곱창,GS25서초제일점
(주)툴쿠아즈,GS25서초제일점
CJ올리브네트웍스역삼점,GS25서초제일점
KFC서초동,GS25서초제일점
강남일미포차,GS25서초제일점
고종의아침,GS25서초제일점
교촌치킨역삼1호점,GS25서초제일점
금문도,GS25서초제일점
김영모과자점,GS25서초제일점
다이타네일예진미인,GS25서초제일점
더샘강남역점,GS25서초제일점
도미노피자서초점,GS25서초제일점
도스타코스본점,GS25서초제일점
디에이비강남점,GS25서초제일점
뚜레쥬르서초역점,GS25서초제일점
만리성,GS25서초제일점
매드포갈릭예술의전당점,GS25서초제일점
맥도날드강남점,GS25서초제일점
미니스톱강남센터점,GS25서초제일점
미스터피자선릉점,GS25서초제일점
봉피양,GS25서초제일점
빈로이,GS25서초제일점
삼통치킨,GS25서초제일점
서초버드나무집,GS25서초제일점
세븐일레븐양재점,GS25서초제일점
아리따움강남역지하점,GS25서초제일점
아웃백양재점,GS25서초제일점
아이제이,GS25서초제일점
에프샵2,GS25서초제일점
엔제리너스강남교보타워,GS25서초제일점
엘투제이뮈렌,GS25서초제일점
연화산,GS25서초제일점
왕대박감자탕,GS25서초제일점
주식회사비에스케이코퍼레이션,GS25서초제일점
커피빈강남대로점,GS25서초제일점
커피빈서초우성점,GS25서초제일점
토니모리강남점,GS25서초제일점
파리바게뜨,GS25서초제일점
파리크라상강남역,GS25서초제일점
파스쿠찌,GS25서초제일점
한국아트체인,GS25서초제일점
황토감자탕,GS25서초제일점
(주)거북곱창,KFC서초동
(주)대한음악사서초지점,KFC서초동
CJ올리브네트웍스역삼점,KFC서초동
GS25서초제일점,KFC서초동
김영모과자점,KFC서초동
더샘강남역점,KFC서초동
도미노피자서초점,KFC서초동
도스타코스본점,KFC서초동
뚜레쥬르서초역점,KFC서초동
마키노차야역삼점,KFC서초동
만리성,KFC서초동
매드포갈릭예술의전당점,KFC서초동
맥도날드강남점,KFC서초동
미니스톱강남센터점,KFC서초동
미스터피자선릉점,KFC서초동
빈로이,KFC서초동
삼통치킨,KFC서초동
서초버드나무집,KFC서초동
세븐일레븐양재점,KFC서초동
아리따움강남역지하점,KFC서초동
아웃백양재점,KFC서초동
에프샵2,KFC서초동
엔제리너스강남교보타워,KFC서초동
엘투제이뮈렌,KFC서초동
연화산,KFC서초동
왕대박감자탕,KFC서초동
주식회사비에스케이코퍼레이션,KFC서초동
커피빈강남대로점,KFC서초동
커피빈서초우성점,KFC서초동
탐앤탐스서초점,KFC서초동
토니모리강남점,KFC서초동
파리바게뜨,KFC서초동
파리크라상강남역,KFC서초동
파스쿠찌,KFC서초동
한국아트체인,KFC서초동
황토감자탕,KFC서초동
(주)거북곱창,강남일미포차
(주)툴쿠아즈,강남일미포차
CJ올리브네트웍스역삼점,강남일미포차
GS25서초제일점,강남일미포차
교촌치킨역삼1호점,강남일미포차
금문도,강남일미포차
디에이비강남점,강남일미포차
뚜레쥬르서초역점,강남일미포차
마키노차야역삼점,강남일미포차
맥도날드강남점,강남일미포차
미니스톱강남센터점,강남일미포차
미스터피자선릉점,강남일미포차
봉피양,강남일미포차
빈로이,강남일미포차
삼통치킨,강남일미포차
서초버드나무집,강남일미포차
세븐일레븐양재점,강남일미포차
엔제리너스강남교보타워,강남일미포차
왕대박감자탕,강남일미포차
주식회사비에스케이코퍼레이션,강남일미포차
커피빈강남대로점,강남일미포차
커피빈서초우성점,강남일미포차
토니모리강남점,강남일미포차
파리바게뜨,강남일미포차
파리크라상강남역,강남일미포차
파스쿠찌,강남일미포차
황토감자탕,강남일미포차
CJ올리브네트웍스역삼점,고종의아침
GS25서초제일점,고종의아침
김영모과자점,고종의아침
도미노피자서초점,고종의아침
도스타코스본점,고종의아침
뚜레쥬르서초역점,고종의아침
마키노차야역삼점,고종의아침
맥도날드강남점,고종의아침
빈로이,고종의아침
서초버드나무집,고종의아침
세븐일레븐양재점,고종의아침
아리따움강남역지하점,고종의아침
아웃백양재점,고종의아침
아이제이,고종의아침
연화산,고종의아침
파리바게뜨,고종의아침
파리크라상강남역,고종의아침
파스쿠찌,고종의아침
다이타네일예진미인,고향한식부폐
파리크라상강남역,고향한식부폐
(주)거북곱창,교촌치킨역삼1호점
CJ올리브네트웍스역삼점,교촌치킨역삼1호점
GS25서초제일점,교촌치킨역삼1호점
강남일미포차,교촌치킨역삼1호점
금문도,교촌치킨역삼1호점
김영모과자점,교촌치킨역삼1호점
더샘강남역점,교촌치킨역삼1호점
도미노피자서초점,교촌치킨역삼1호점
도스타코스본점,교촌치킨역삼1호점
두나서점도곡점,교촌치킨역삼1호점
디에이비강남점,교촌치킨역삼1호점
뚜레쥬르서초역점,교촌치킨역삼1호점
마키노차야역삼점,교촌치킨역삼1호점
맥도날드강남점,교촌치킨역삼1호점
미니스톱강남센터점,교촌치킨역삼1호점
미스터피자선릉점,교촌치킨역삼1호점
봉피양,교촌치킨역삼1호점
빈로이,교촌치킨역삼1호점
삼통치킨,교촌치킨역삼1호점
서초버드나무집,교촌치킨역삼1호점
세븐일레븐양재점,교촌치킨역삼1호점
아리따움강남역지하점,교촌치킨역삼1호점
아웃백양재점,교촌치킨역삼1호점
에프샵2,교촌치킨역삼1호점
엔제리너스강남교보타워,교촌치킨역삼1호점
연화산,교촌치킨역삼1호점
왕대박감자탕,교촌치킨역삼1호점
커피빈강남대로점,교촌치킨역삼1호점
커피빈서초우성점,교촌치킨역삼1호점
토니모리강남점,교촌치킨역삼1호점
파리바게뜨,교촌치킨역삼1호점
파리크라상강남역,교촌치킨역삼1호점
파스쿠찌,교촌치킨역삼1호점
한국아트체인,교촌치킨역삼1호점
황토감자탕,교촌치킨역삼1호점
(주)거북곱창,금문도
(주)대한음악사서초지점,금문도
CJ올리브네트웍스역삼점,금문도
GS25서초제일점,금문도
강남일미포차,금문도
교촌치킨역삼1호점,금문도
김영모과자점,금문도
더샘강남역점,금문도
도미노피자서초점,금문도
도스타코스본점,금문도
디에이비강남점,금문도
뚜레쥬르서초역점,금문도
마키노차야역삼점,금문도
만리성,금문도
매드포갈릭예술의전당점,금문도
맥도날드강남점,금문도
미니스톱강남센터점,금문도
봉피양,금문도
빈로이,금문도
삼통치킨,금문도
세븐일레븐양재점,금문도
아리따움강남역지하점,금문도
아웃백양재점,금문도
엔제리너스강남교보타워,금문도
엘투제이뮈렌,금문도
연화산,금문도
주식회사비에스케이코퍼레이션,금문도
커피빈강남대로점,금문도
커피빈서초우성점,금문도
토니모리강남점,금문도
파리바게뜨,금문도
파리크라상강남역,금문도
파스쿠찌,금문도
황토감자탕,금문도
(주)거북곱창,김영모과자점
(주)대한음악사서초지점,김영모과자점
CJ올리브네트웍스역삼점,김영모과자점
GS25서초제일점,김영모과자점
KFC서초동,김영모과자점
고종의아침,김영모과자점
교촌치킨역삼1호점,김영모과자점
금문도,김영모과자점
더샘강남역점,김영모과자점
도미노피자서초점,김영모과자점
도스타코스본점,김영모과자점
디에이비강남점,김영모과자점
뚜레쥬르서초역점,김영모과자점
마키노차야역삼점,김영모과자점
만리성,김영모과자점
매드포갈릭예술의전당점,김영모과자점
맥도날드강남점,김영모과자점
미니스톱강남센터점,김영모과자점
봉피양,김영모과자점
빈로이,김영모과자점
서초버드나무집,김영모과자점
세븐일레븐양재점,김영모과자점
아리따움강남역지하점,김영모과자점
아웃백양재점,김영모과자점
에프샵2,김영모과자점
엔제리너스강남교보타워,김영모과자점
연화산,김영모과자점
왕대박감자탕,김영모과자점
주식회사비에스케이코퍼레이션,김영모과자점
커피빈강남대로점,김영모과자점
커피빈서초우성점,김영모과자점
토니모리강남점,김영모과자점
파리바게뜨,김영모과자점
파리크라상강남역,김영모과자점
파스쿠찌,김영모과자점
한국아트체인,김영모과자점
황토감자탕,김영모과자점
GS25서초제일점,다이타네일예진미인
고향한식부폐,다이타네일예진미인
(주)대한음악사서초지점,더샘강남역점
CJ올리브네트웍스역삼점,더샘강남역점
GS25서초제일점,더샘강남역점
KFC서초동,더샘강남역점
교촌치킨역삼1호점,더샘강남역점
금문도,더샘강남역점
김영모과자점,더샘강남역점
도미노피자서초점,더샘강남역점
도스타코스본점,더샘강남역점
디에이비강남점,더샘강남역점
뚜레쥬르서초역점,더샘강남역점
마키노차야역삼점,더샘강남역점
맥도날드강남점,더샘강남역점
미니스톱강남센터점,더샘강남역점
빈로이,더샘강남역점
삼통치킨,더샘강남역점
세븐일레븐양재점,더샘강남역점
아리따움강남역지하점,더샘강남역점
아웃백양재점,더샘강남역점
아이제이,더샘강남역점
에프샵2,더샘강남역점
엔제리너스강남교보타워,더샘강남역점
주식회사비에스케이코퍼레이션,더샘강남역점
커피빈강남대로점,더샘강남역점
커피빈서초우성점,더샘강남역점
토니모리강남점,더샘강남역점
파리바게뜨,더샘강남역점
파리크라상강남역,더샘강남역점
파스쿠찌,더샘강남역점
한국아트체인,더샘강남역점
황토감자탕,더샘강남역점
(주)거북곱창,도미노피자서초점
(주)대한음악사서초지점,도미노피자서초점
GS25서초제일점,도미노피자서초점
KFC서초동,도미노피자서초점
고종의아침,도미노피자서초점
교촌치킨역삼1호점,도미노피자서초점
금문도,도미노피자서초점
김영모과자점,도미노피자서초점
더샘강남역점,도미노피자서초점
도스타코스본점,도미노피자서초점
두나서점도곡점,도미노피자서초점
뚜레쥬르서초역점,도미노피자서초점
마키노차야역삼점,도미노피자서초점
만리성,도미노피자서초점
매드포갈릭예술의전당점,도미노피자서초점
맥도날드강남점,도미노피자서초점
미니스톱강남센터점,도미노피자서초점
봉피양,도미노피자서초점
빈로이,도미노피자서초점
서초버드나무집,도미노피자서초점
세븐일레븐양재점,도미노피자서초점
아웃백양재점,도미노피자서초점
엔제리너스강남교보타워,도미노피자서초점
연화산,도미노피자서초점
왕대박감자탕,도미노피자서초점
주식회사비에스케이코퍼레이션,도미노피자서초점
커피빈강남대로점,도미노피자서초점
커피빈서초우성점,도미노피자서초점
탐앤탐스서초점,도미노피자서초점
파리바게뜨,도미노피자서초점
파리크라상강남역,도미노피자서초점
파스쿠찌,도미노피자서초점
한국아트체인,도미노피자서초점
황토감자탕,도미노피자서초점
(주)툴쿠아즈,도스타코스본점
CJ올리브네트웍스역삼점,도스타코스본점
GS25서초제일점,도스타코스본점
KFC서초동,도스타코스본점
고종의아침,도스타코스본점
교촌치킨역삼1호점,도스타코스본점
금문도,도스타코스본점
김영모과자점,도스타코스본점
더샘강남역점,도스타코스본점
도미노피자서초점,도스타코스본점
뚜레쥬르서초역점,도스타코스본점
마키노차야역삼점,도스타코스본점
매드포갈릭예술의전당점,도스타코스본점
맥도날드강남점,도스타코스본점
미니스톱강남센터점,도스타코스본점
미스터피자선릉점,도스타코스본점
봉피양,도스타코스본점
빈로이,도스타코스본점
삼통치킨,도스타코스본점
서초버드나무집,도스타코스본점
세븐일레븐양재점,도스타코스본점
아리따움강남역지하점,도스타코스본점
아웃백양재점,도스타코스본점
에프샵2,도스타코스본점
엔제리너스강남교보타워,도스타코스본점
엘투제이뮈렌,도스타코스본점
연화산,도스타코스본점
왕대박감자탕,도스타코스본점
주식회사비에스케이코퍼레이션,도스타코스본점
커피빈강남대로점,도스타코스본점
커피빈서초우성점,도스타코스본점
토니모리강남점,도스타코스본점
파리바게뜨,도스타코스본점
파리크라상강남역,도스타코스본점
파스쿠찌,도스타코스본점
한국아트체인,도스타코스본점
황토감자탕,도스타코스본점
(주)거북곱창,두나서점도곡점
(주)대한음악사서초지점,두나서점도곡점
교촌치킨역삼1호점,두나서점도곡점
도미노피자서초점,두나서점도곡점
뚜레쥬르서초역점,두나서점도곡점
마키노차야역삼점,두나서점도곡점
매드포갈릭예술의전당점,두나서점도곡점
맥도날드강남점,두나서점도곡점
미스터피자선릉점,두나서점도곡점
봉피양,두나서점도곡점
빈로이,두나서점도곡점
서초버드나무집,두나서점도곡점
아리따움강남역지하점,두나서점도곡점
아웃백양재점,두나서점도곡점
연화산,두나서점도곡점
왕대박감자탕,두나서점도곡점
주식회사비에스케이코퍼레이션,두나서점도곡점
커피빈서초우성점,두나서점도곡점
탐앤탐스서초점,두나서점도곡점
토니모리강남점,두나서점도곡점
파리바게뜨,두나서점도곡점
파리크라상강남역,두나서점도곡점
파스쿠찌,두나서점도곡점
(주)툴쿠아즈,디에이비강남점
CJ올리브네트웍스역삼점,디에이비강남점
GS25서초제일점,디에이비강남점
강남일미포차,디에이비강남점
교촌치킨역삼1호점,디에이비강남점
금문도,디에이비강남점
김영모과자점,디에이비강남점
더샘강남역점,디에이비강남점
뚜레쥬르서초역점,디에이비강남점
매드포갈릭예술의전당점,디에이비강남점
맥도날드강남점,디에이비강남점
미니스톱강남센터점,디에이비강남점
봉피양,디에이비강남점
빈로이,디에이비강남점
아리따움강남역지하점,디에이비강남점
아이제이,디에이비강남점
에프샵2,디에이비강남점
엔제리너스강남교보타워,디에이비강남점
엘투제이뮈렌,디에이비강남점
주식회사비에스케이코퍼레이션,디에이비강남점
커피빈강남대로점,디에이비강남점
커피빈서초우성점,디에이비강남점
토니모리강남점,디에이비강남점
파리바게뜨,디에이비강남점
파리크라상강남역,디에이비강남점
파스쿠찌,디에이비강남점
한국아트체인,디에이비강남점
황토감자탕,디에이비강남점
(주)거북곱창,뚜레쥬르서초역점
(주)대한음악사서초지점,뚜레쥬르서초역점
(주)툴쿠아즈,뚜레쥬르서초역점
CJ올리브네트웍스역삼점,뚜레쥬르서초역점
GS25서초제일점,뚜레쥬르서초역점
KFC서초동,뚜레쥬르서초역점
강남일미포차,뚜레쥬르서초역점
고종의아침,뚜레쥬르서초역점
교촌치킨역삼1호점,뚜레쥬르서초역점
금문도,뚜레쥬르서초역점
김영모과자점,뚜레쥬르서초역점
더샘강남역점,뚜레쥬르서초역점
도미노피자서초점,뚜레쥬르서초역점
도스타코스본점,뚜레쥬르서초역점
두나서점도곡점,뚜레쥬르서초역점
디에이비강남점,뚜레쥬르서초역점
마키노차야역삼점,뚜레쥬르서초역점
만리성,뚜레쥬르서초역점
매드포갈릭예술의전당점,뚜레쥬르서초역점
맥도날드강남점,뚜레쥬르서초역점
미니스톱강남센터점,뚜레쥬르서초역점
미스터피자선릉점,뚜레쥬르서초역점
봉피양,뚜레쥬르서초역점
빈로이,뚜레쥬르서초역점
삼통치킨,뚜레쥬르서초역점
서초버드나무집,뚜레쥬르서초역점
세븐일레븐양재점,뚜레쥬르서초역점
아리따움강남역지하점,뚜레쥬르서초역점
아웃백양재점,뚜레쥬르서초역점
에프샵2,뚜레쥬르서초역점
엔제리너스강남교보타워,뚜레쥬르서초역점
연화산,뚜레쥬르서초역점
왕대박감자탕,뚜레쥬르서초역점
주식회사비에스케이코퍼레이션,뚜레쥬르서초역점
커피빈강남대로점,뚜레쥬르서초역점
커피빈서초우성점,뚜레쥬르서초역점
탐앤탐스서초점,뚜레쥬르서초역점
토니모리강남점,뚜레쥬르서초역점
파리바게뜨,뚜레쥬르서초역점
파리크라상강남역,뚜레쥬르서초역점
파스쿠찌,뚜레쥬르서초역점
한국아트체인,뚜레쥬르서초역점
황토감자탕,뚜레쥬르서초역점
CJ올리브네트웍스역삼점,마키노차야역삼점
KFC서초동,마키노차야역삼점
강남일미포차,마키노차야역삼점
고종의아침,마키노차야역삼점
교촌치킨역삼1호점,마키노차야역삼점
금문도,마키노차야역삼점
김영모과자점,마키노차야역삼점
더샘강남역점,마키노차야역삼점
도미노피자서초점,마키노차야역삼점
도스타코스본점,마키노차야역삼점
두나서점도곡점,마키노차야역삼점
뚜레쥬르서초역점,마키노차야역삼점
매드포갈릭예술의전당점,마키노차야역삼점
맥도날드강남점,마키노차야역삼점
미니스톱강남센터점,마키노차야역삼점
미스터피자선릉점,마키노차야역삼점
봉피양,마키노차야역삼점
빈로이,마키노차야역삼점
삼통치킨,마키노차야역삼점
서초버드나무집,마키노차야역삼점
세븐일레븐양재점,마키노차야역삼점
아리따움강남역지하점,마키노차야역삼점
아웃백양재점,마키노차야역삼점
엔제리너스강남교보타워,마키노차야역삼점
연화산,마키노차야역삼점
주식회사비에스케이코퍼레이션,마키노차야역삼점
커피빈강남대로점,마키노차야역삼점
커피빈서초우성점,마키노차야역삼점
토니모리강남점,마키노차야역삼점
파리바게뜨,마키노차야역삼점
파리크라상강남역,마키노차야역삼점
파스쿠찌,마키노차야역삼점
황토감자탕,마키노차야역삼점
GS25서초제일점,만리성
KFC서초동,만리성
금문도,만리성
김영모과자점,만리성
도미노피자서초점,만리성
뚜레쥬르서초역점,만리성
매드포갈릭예술의전당점,만리성
맥도날드강남점,만리성
미니스톱강남센터점,만리성
서초버드나무집,만리성
연화산,만리성
왕대박감자탕,만리성
커피빈강남대로점,만리성
탐앤탐스서초점,만리성
파리크라상강남역,만리성
황토감자탕,만리성
(주)대한음악사서초지점,매드포갈릭예술의전당점
CJ올리브네트웍스역삼점,매드포갈릭예술의전당점
GS25서초제일점,매드포갈릭예술의전당점
KFC서초동,매드포갈릭예술의전당점
금문도,매드포갈릭예술의전당점
김영모과자점,매드포갈릭예술의전당점
도미노피자서초점,매드포갈릭예술의전당점
도스타코스본점,매드포갈릭예술의전당점
두나서점도곡점,매드포갈릭예술의전당점
디에이비강남점,매드포갈릭예술의전당점
뚜레쥬르서초역점,매드포갈릭예술의전당점
마키노차야역삼점,매드포갈릭예술의전당점
만리성,매드포갈릭예술의전당점
맥도날드강남점,매드포갈릭예술의전당점
미니스톱강남센터점,매드포갈릭예술의전당점
봉피양,매드포갈릭예술의전당점
빈로이,매드포갈릭예술의전당점
서초버드나무집,매드포갈릭예술의전당점
세븐일레븐양재점,매드포갈릭예술의전당점
아웃백양재점,매드포갈릭예술의전당점
엔제리너스강남교보타워,매드포갈릭예술의전당점
연화산,매드포갈릭예술의전당점
주식회사비에스케이코퍼레이션,매드포갈릭예술의전당점
커피빈강남대로점,매드포갈릭예술의전당점
탐앤탐스서초점,매드포갈릭예술의전당점
파리바게뜨,매드포갈릭예술의전당점
파스쿠찌,매드포갈릭예술의전당점
한국아트체인,매드포갈릭예술의전당점
(주)거북곱창,맥도날드강남점
(주)대한음악사서초지점,맥도날드강남점
(주)툴쿠아즈,맥도날드강남점
CJ올리브네트웍스역삼점,맥도날드강남점
GS25서초제일점,맥도날드강남점
KFC서초동,맥도날드강남점
강남일미포차,맥도날드강남점
고종의아침,맥도날드강남점
교촌치킨역삼1호점,맥도날드강남점
금문도,맥도날드강남점
김영모과자점,맥도날드강남점
더샘강남역점,맥도날드강남점
도미노피자서초점,맥도날드강남점
도스타코스본점,맥도날드강남점
두나서점도곡점,맥도날드강남점
디에이비강남점,맥도날드강남점
뚜레쥬르서초역점,맥도날드강남점
마키노차야역삼점,맥도날드강남점
만리성,맥도날드강남점
매드포갈릭예술의전당점,맥도날드강남점
미니스톱강남센터점,맥도날드강남점
미스터피자선릉점,맥도날드강남점
봉피양,맥도날드강남점
빈로이,맥도날드강남점
삼통치킨,맥도날드강남점
서초버드나무집,맥도날드강남점
세븐일레븐양재점,맥도날드강남점
아리따움강남역지하점,맥도날드강남점
아웃백양재점,맥도날드강남점
아이제이,맥도날드강남점
에프샵2,맥도날드강남점
엔제리너스강남교보타워,맥도날드강남점
엘투제이뮈렌,맥도날드강남점
연화산,맥도날드강남점
왕대박감자탕,맥도날드강남점
주식회사비에스케이코퍼레이션,맥도날드강남점
커피빈강남대로점,맥도날드강남점
커피빈서초우성점,맥도날드강남점
탐앤탐스서초점,맥도날드강남점
토니모리강남점,맥도날드강남점
파리바게뜨,맥도날드강남점
파리크라상강남역,맥도날드강남점
파스쿠찌,맥도날드강남점
한국아트체인,맥도날드강남점
황토감자탕,맥도날드강남점
(주)거북곱창,미니스톱강남센터점
(주)대한음악사서초지점,미니스톱강남센터점
CJ올리브네트웍스역삼점,미니스톱강남센터점
GS25서초제일점,미니스톱강남센터점
KFC서초동,미니스톱강남센터점
강남일미포차,미니스톱강남센터점
교촌치킨역삼1호점,미니스톱강남센터점
금문도,미니스톱강남센터점
김영모과자점,미니스톱강남센터점
더샘강남역점,미니스톱강남센터점
도미노피자서초점,미니스톱강남센터점
도스타코스본점,미니스톱강남센터점
디에이비강남점,미니스톱강남센터점
뚜레쥬르서초역점,미니스톱강남센터점
마키노차야역삼점,미니스톱강남센터점
만리성,미니스톱강남센터점
매드포갈릭예술의전당점,미니스톱강남센터점
맥도날드강남점,미니스톱강남센터점
미스터피자선릉점,미니스톱강남센터점
봉피양,미니스톱강남센터점
빈로이,미니스톱강남센터점
삼통치킨,미니스톱강남센터점
서초버드나무집,미니스톱강남센터점
세븐일레븐양재점,미니스톱강남센터점
아리따움강남역지하점,미니스톱강남센터점
아웃백양재점,미니스톱강남센터점
아이제이,미니스톱강남센터점
에프샵2,미니스톱강남센터점
엔제리너스강남교보타워,미니스톱강남센터점
엘투제이뮈렌,미니스톱강남센터점
연화산,미니스톱강남센터점
왕대박감자탕,미니스톱강남센터점
주식회사비에스케이코퍼레이션,미니스톱강남센터점
커피빈강남대로점,미니스톱강남센터점
커피빈서초우성점,미니스톱강남센터점
탐앤탐스서초점,미니스톱강남센터점
토니모리강남점,미니스톱강남센터점
파리바게뜨,미니스톱강남센터점
파리크라상강남역,미니스톱강남센터점
파스쿠찌,미니스톱강남센터점
한국아트체인,미니스톱강남센터점
황토감자탕,미니스톱강남센터점
CJ올리브네트웍스역삼점,미스터피자선릉점
GS25서초제일점,미스터피자선릉점
KFC서초동,미스터피자선릉점
강남일미포차,미스터피자선릉점
교촌치킨역삼1호점,미스터피자선릉점
도스타코스본점,미스터피자선릉점
두나서점도곡점,미스터피자선릉점
뚜레쥬르서초역점,미스터피자선릉점
마키노차야역삼점,미스터피자선릉점
맥도날드강남점,미스터피자선릉점
미니스톱강남센터점,미스터피자선릉점
빈로이,미스터피자선릉점
삼통치킨,미스터피자선릉점
아리따움강남역지하점,미스터피자선릉점
아웃백양재점,미스터피자선릉점
엔제리너스강남교보타워,미스터피자선릉점
토니모리강남점,미스터피자선릉점
파리바게뜨,미스터피자선릉점
한국아트체인,미스터피자선릉점
황토감자탕,미스터피자선릉점
(주)거북곱창,봉피양
(주)대한음악사서초지점,봉피양
CJ올리브네트웍스역삼점,봉피양
GS25서초제일점,봉피양
강남일미포차,봉피양
교촌치킨역삼1호점,봉피양
금문도,봉피양
김영모과자점,봉피양
도미노피자서초점,봉피양
도스타코스본점,봉피양
두나서점도곡점,봉피양
디에이비강남점,봉피양
뚜레쥬르서초역점,봉피양
마키노차야역삼점,봉피양
매드포갈릭예술의전당점,봉피양
맥도날드강남점,봉피양
미니스톱강남센터점,봉피양
빈로이,봉피양
삼통치킨,봉피양
서초버드나무집,봉피양
세븐일레븐양재점,봉피양
아리따움강남역지하점,봉피양
아웃백양재점,봉피양
엔제리너스강남교보타워,봉피양
엘투제이뮈렌,봉피양
연화산,봉피양
왕대박감자탕,봉피양
주식회사비에스케이코퍼레이션,봉피양
커피빈강남대로점,봉피양
커피빈서초우성점,봉피양
탐앤탐스서초점,봉피양
토니모리강남점,봉피양
파리바게뜨,봉피양
파리크라상강남역,봉피양
파스쿠찌,봉피양
한국아트체인,봉피양
황토감자탕,봉피양
(주)거북곱창,빈로이
(주)대한음악사서초지점,빈로이
(주)툴쿠아즈,빈로이
CJ올리브네트웍스역삼점,빈로이
GS25서초제일점,빈로이
KFC서초동,빈로이
강남일미포차,빈로이
고종의아침,빈로이
교촌치킨역삼1호점,빈로이
금문도,빈로이
김영모과자점,빈로이
더샘강남역점,빈로이
도미노피자서초점,빈로이
도스타코스본점,빈로이
두나서점도곡점,빈로이
디에이비강남점,빈로이
뚜레쥬르서초역점,빈로이
마키노차야역삼점,빈로이
매드포갈릭예술의전당점,빈로이
맥도날드강남점,빈로이
미니스톱강남센터점,빈로이
미스터피자선릉점,빈로이
봉피양,빈로이
삼통치킨,빈로이
서초버드나무집,빈로이
세븐일레븐양재점,빈로이
아리따움강남역지하점,빈로이
아웃백양재점,빈로이
에프샵2,빈로이
엔제리너스강남교보타워,빈로이
엘투제이뮈렌,빈로이
연화산,빈로이
왕대박감자탕,빈로이
주식회사비에스케이코퍼레이션,빈로이
커피빈강남대로점,빈로이
커피빈서초우성점,빈로이
탐앤탐스서초점,빈로이
토니모리강남점,빈로이
파리바게뜨,빈로이
파리크라상강남역,빈로이
파스쿠찌,빈로이
한국아트체인,빈로이
황토감자탕,빈로이
CJ올리브네트웍스역삼점,삼통치킨
GS25서초제일점,삼통치킨
KFC서초동,삼통치킨
강남일미포차,삼통치킨
교촌치킨역삼1호점,삼통치킨
금문도,삼통치킨
더샘강남역점,삼통치킨
도스타코스본점,삼통치킨
뚜레쥬르서초역점,삼통치킨
마키노차야역삼점,삼통치킨
맥도날드강남점,삼통치킨
미니스톱강남센터점,삼통치킨
미스터피자선릉점,삼통치킨
봉피양,삼통치킨
빈로이,삼통치킨
서초버드나무집,삼통치킨
세븐일레븐양재점,삼통치킨
아리따움강남역지하점,삼통치킨
에프샵2,삼통치킨
엔제리너스강남교보타워,삼통치킨
엘투제이뮈렌,삼통치킨
왕대박감자탕,삼통치킨
주식회사비에스케이코퍼레이션,삼통치킨
커피빈강남대로점,삼통치킨
커피빈서초우성점,삼통치킨
탐앤탐스서초점,삼통치킨
토니모리강남점,삼통치킨
파리바게뜨,삼통치킨
파리크라상강남역,삼통치킨
파스쿠찌,삼통치킨
황토감자탕,삼통치킨
(주)거북곱창,서초버드나무집
(주)대한음악사서초지점,서초버드나무집
CJ올리브네트웍스역삼점,서초버드나무집
GS25서초제일점,서초버드나무집
KFC서초동,서초버드나무집
강남일미포차,서초버드나무집
고종의아침,서초버드나무집
교촌치킨역삼1호점,서초버드나무집
김영모과자점,서초버드나무집
도미노피자서초점,서초버드나무집
도스타코스본점,서초버드나무집
두나서점도곡점,서초버드나무집
뚜레쥬르서초역점,서초버드나무집
마키노차야역삼점,서초버드나무집
만리성,서초버드나무집
매드포갈릭예술의전당점,서초버드나무집
맥도날드강남점,서초버드나무집
미니스톱강남센터점,서초버드나무집
봉피양,서초버드나무집
빈로이,서초버드나무집
삼통치킨,서초버드나무집
세븐일레븐양재점,서초버드나무집
아웃백양재점,서초버드나무집
엔제리너스강남교보타워,서초버드나무집
연화산,서초버드나무집
왕대박감자탕,서초버드나무집
커피빈강남대로점,서초버드나무집
커피빈서초우성점,서초버드나무집
탐앤탐스서초점,서초버드나무집
파리바게뜨,서초버드나무집
파리크라상강남역,서초버드나무집
파스쿠찌,서초버드나무집
한국아트체인,서초버드나무집
황토감자탕,서초버드나무집
CJ올리브네트웍스역삼점,세븐일레븐양재점
GS25서초제일점,세븐일레븐양재점
KFC서초동,세븐일레븐양재점
강남일미포차,세븐일레븐양재점
고종의아침,세븐일레븐양재점
교촌치킨역삼1호점,세븐일레븐양재점
금문도,세븐일레븐양재점
김영모과자점,세븐일레븐양재점
더샘강남역점,세븐일레븐양재점
도미노피자서초점,세븐일레븐양재점
도스타코스본점,세븐일레븐양재점
뚜레쥬르서초역점,세븐일레븐양재점
마키노차야역삼점,세븐일레븐양재점
매드포갈릭예술의전당점,세븐일레븐양재점
맥도날드강남점,세븐일레븐양재점
미니스톱강남센터점,세븐일레븐양재점
봉피양,세븐일레븐양재점
빈로이,세븐일레븐양재점
삼통치킨,세븐일레븐양재점
서초버드나무집,세븐일레븐양재점
아리따움강남역지하점,세븐일레븐양재점
아웃백양재점,세븐일레븐양재점
에프샵2,세븐일레븐양재점
엔제리너스강남교보타워,세븐일레븐양재점
엘투제이뮈렌,세븐일레븐양재점
연화산,세븐일레븐양재점
왕대박감자탕,세븐일레븐양재점
주식회사비에스케이코퍼레이션,세븐일레븐양재점
커피빈강남대로점,세븐일레븐양재점
커피빈서초우성점,세븐일레븐양재점
파리바게뜨,세븐일레븐양재점
파리크라상강남역,세븐일레븐양재점
파스쿠찌,세븐일레븐양재점
한국아트체인,세븐일레븐양재점
황토감자탕,세븐일레븐양재점
CJ올리브네트웍스역삼점,아리따움강남역지하점
GS25서초제일점,아리따움강남역지하점
KFC서초동,아리따움강남역지하점
고종의아침,아리따움강남역지하점
교촌치킨역삼1호점,아리따움강남역지하점
금문도,아리따움강남역지하점
김영모과자점,아리따움강남역지하점
더샘강남역점,아리따움강남역지하점
도스타코스본점,아리따움강남역지하점
두나서점도곡점,아리따움강남역지하점
디에이비강남점,아리따움강남역지하점
뚜레쥬르서초역점,아리따움강남역지하점
마키노차야역삼점,아리따움강남역지하점
맥도날드강남점,아리따움강남역지하점
미니스톱강남센터점,아리따움강남역지하점
미스터피자선릉점,아리따움강남역지하점
봉피양,아리따움강남역지하점
빈로이,아리따움강남역지하점
삼통치킨,아리따움강남역지하점
세븐일레븐양재점,아리따움강남역지하점
아웃백양재점,아리따움강남역지하점
아이제이,아리따움강남역지하점
에프샵2,아리따움강남역지하점
엔제리너스강남교보타워,아리따움강남역지하점
왕대박감자탕,아리따움강남역지하점
주식회사비에스케이코퍼레이션,아리따움강남역지하점
커피빈강남대로점,아리따움강남역지하점
커피빈서초우성점,아리따움강남역지하점
토니모리강남점,아리따움강남역지하점
파리바게뜨,아리따움강남역지하점
파리크라상강남역,아리따움강남역지하점
파스쿠찌,아리따움강남역지하점
한국아트체인,아리따움강남역지하점
황토감자탕,아리따움강남역지하점
(주)거북곱창,아웃백양재점
(주)대한음악사서초지점,아웃백양재점
(주)툴쿠아즈,아웃백양재점
CJ올리브네트웍스역삼점,아웃백양재점
GS25서초제일점,아웃백양재점
KFC서초동,아웃백양재점
고종의아침,아웃백양재점
교촌치킨역삼1호점,아웃백양재점
금문도,아웃백양재점
김영모과자점,아웃백양재점
더샘강남역점,아웃백양재점
도미노피자서초점,아웃백양재점
도스타코스본점,아웃백양재점
두나서점도곡점,아웃백양재점
뚜레쥬르서초역점,아웃백양재점
마키노차야역삼점,아웃백양재점
매드포갈릭예술의전당점,아웃백양재점
맥도날드강남점,아웃백양재점
미니스톱강남센터점,아웃백양재점
미스터피자선릉점,아웃백양재점
봉피양,아웃백양재점
빈로이,아웃백양재점
서초버드나무집,아웃백양재점
세븐일레븐양재점,아웃백양재점
아리따움강남역지하점,아웃백양재점
에프샵2,아웃백양재점
엔제리너스강남교보타워,아웃백양재점
엘투제이뮈렌,아웃백양재점
연화산,아웃백양재점
왕대박감자탕,아웃백양재점
주식회사비에스케이코퍼레이션,아웃백양재점
커피빈강남대로점,아웃백양재점
커피빈서초우성점,아웃백양재점
토니모리강남점,아웃백양재점
파리바게뜨,아웃백양재점
파리크라상강남역,아웃백양재점
파스쿠찌,아웃백양재점
황토감자탕,아웃백양재점
(주)거북곱창,아이제이
CJ올리브네트웍스역삼점,아이제이
GS25서초제일점,아이제이
고종의아침,아이제이
더샘강남역점,아이제이
디에이비강남점,아이제이
맥도날드강남점,아이제이
미니스톱강남센터점,아이제이
아리따움강남역지하점,아이제이
에프샵2,아이제이
주식회사비에스케이코퍼레이션,아이제이
커피빈강남대로점,아이제이
커피빈서초우성점,아이제이
탐앤탐스서초점,아이제이
토니모리강남점,아이제이
파리바게뜨,아이제이
파리크라상강남역,아이제이
CJ올리브네트웍스역삼점,에프샵2
GS25서초제일점,에프샵2
KFC서초동,에프샵2
교촌치킨역삼1호점,에프샵2
김영모과자점,에프샵2
더샘강남역점,에프샵2
도스타코스본점,에프샵2
디에이비강남점,에프샵2
뚜레쥬르서초역점,에프샵2
맥도날드강남점,에프샵2
미니스톱강남센터점,에프샵2
빈로이,에프샵2
삼통치킨,에프샵2
세븐일레븐양재점,에프샵2
아리따움강남역지하점,에프샵2
아웃백양재점,에프샵2
아이제이,에프샵2
엔제리너스강남교보타워,에프샵2
엘투제이뮈렌,에프샵2
왕대박감자탕,에프샵2
주식회사비에스케이코퍼레이션,에프샵2
커피빈강남대로점,에프샵2
커피빈서초우성점,에프샵2
탐앤탐스서초점,에프샵2
토니모리강남점,에프샵2
파리바게뜨,에프샵2
파리크라상강남역,에프샵2
파스쿠찌,에프샵2
황토감자탕,에프샵2
(주)툴쿠아즈,엔제리너스강남교보타워
CJ올리브네트웍스역삼점,엔제리너스강남교보타워
GS25서초제일점,엔제리너스강남교보타워
KFC서초동,엔제리너스강남교보타워
강남일미포차,엔제리너스강남교보타워
교촌치킨역삼1호점,엔제리너스강남교보타워
금문도,엔제리너스강남교보타워
김영모과자점,엔제리너스강남교보타워
더샘강남역점,엔제리너스강남교보타워
도미노피자서초점,엔제리너스강남교보타워
도스타코스본점,엔제리너스강남교보타워
디에이비강남점,엔제리너스강남교보타워
뚜레쥬르서초역점,엔제리너스강남교보타워
마키노차야역삼점,엔제리너스강남교보타워
매드포갈릭예술의전당점,엔제리너스강남교보타워
맥도날드강남점,엔제리너스강남교보타워
미니스톱강남센터점,엔제리너스강남교보타워
미스터피자선릉점,엔제리너스강남교보타워
봉피양,엔제리너스강남교보타워
빈로이,엔제리너스강남교보타워
삼통치킨,엔제리너스강남교보타워
서초버드나무집,엔제리너스강남교보타워
세븐일레븐양재점,엔제리너스강남교보타워
아리따움강남역지하점,엔제리너스강남교보타워
아웃백양재점,엔제리너스강남교보타워
에프샵2,엔제리너스강남교보타워
엘투제이뮈렌,엔제리너스강남교보타워
연화산,엔제리너스강남교보타워
왕대박감자탕,엔제리너스강남교보타워
주식회사비에스케이코퍼레이션,엔제리너스강남교보타워
커피빈강남대로점,엔제리너스강남교보타워
커피빈서초우성점,엔제리너스강남교보타워
탐앤탐스서초점,엔제리너스강남교보타워
토니모리강남점,엔제리너스강남교보타워
파리바게뜨,엔제리너스강남교보타워
파리크라상강남역,엔제리너스강남교보타워
파스쿠찌,엔제리너스강남교보타워
한국아트체인,엔제리너스강남교보타워
황토감자탕,엔제리너스강남교보타워
(주)툴쿠아즈,엘투제이뮈렌
CJ올리브네트웍스역삼점,엘투제이뮈렌
GS25서초제일점,엘투제이뮈렌
KFC서초동,엘투제이뮈렌
금문도,엘투제이뮈렌
도스타코스본점,엘투제이뮈렌
디에이비강남점,엘투제이뮈렌
맥도날드강남점,엘투제이뮈렌
미니스톱강남센터점,엘투제이뮈렌
봉피양,엘투제이뮈렌
빈로이,엘투제이뮈렌
삼통치킨,엘투제이뮈렌
세븐일레븐양재점,엘투제이뮈렌
아웃백양재점,엘투제이뮈렌
에프샵2,엘투제이뮈렌
엔제리너스강남교보타워,엘투제이뮈렌
왕대박감자탕,엘투제이뮈렌
주식회사비에스케이코퍼레이션,엘투제이뮈렌
커피빈강남대로점,엘투제이뮈렌
커피빈서초우성점,엘투제이뮈렌
토니모리강남점,엘투제이뮈렌
파리바게뜨,엘투제이뮈렌
파리크라상강남역,엘투제이뮈렌
파스쿠찌,엘투제이뮈렌
한국아트체인,엘투제이뮈렌
황토감자탕,엘투제이뮈렌
(주)거북곱창,연화산
(주)대한음악사서초지점,연화산
CJ올리브네트웍스역삼점,연화산
GS25서초제일점,연화산
KFC서초동,연화산
고종의아침,연화산
교촌치킨역삼1호점,연화산
금문도,연화산
김영모과자점,연화산
도미노피자서초점,연화산
도스타코스본점,연화산
두나서점도곡점,연화산
뚜레쥬르서초역점,연화산
마키노차야역삼점,연화산
만리성,연화산
매드포갈릭예술의전당점,연화산
맥도날드강남점,연화산
미니스톱강남센터점,연화산
봉피양,연화산
빈로이,연화산
서초버드나무집,연화산
세븐일레븐양재점,연화산
아웃백양재점,연화산
엔제리너스강남교보타워,연화산
왕대박감자탕,연화산
주식회사비에스케이코퍼레이션,연화산
커피빈강남대로점,연화산
커피빈서초우성점,연화산
탐앤탐스서초점,연화산
파리바게뜨,연화산
파리크라상강남역,연화산
파스쿠찌,연화산
황토감자탕,연화산
(주)거북곱창,왕대박감자탕
(주)툴쿠아즈,왕대박감자탕
CJ올리브네트웍스역삼점,왕대박감자탕
GS25서초제일점,왕대박감자탕
KFC서초동,왕대박감자탕
강남일미포차,왕대박감자탕
교촌치킨역삼1호점,왕대박감자탕
김영모과자점,왕대박감자탕
도미노피자서초점,왕대박감자탕
도스타코스본점,왕대박감자탕
두나서점도곡점,왕대박감자탕
뚜레쥬르서초역점,왕대박감자탕
만리성,왕대박감자탕
맥도날드강남점,왕대박감자탕
미니스톱강남센터점,왕대박감자탕
봉피양,왕대박감자탕
빈로이,왕대박감자탕
삼통치킨,왕대박감자탕
서초버드나무집,왕대박감자탕
세븐일레븐양재점,왕대박감자탕
아리따움강남역지하점,왕대박감자탕
아웃백양재점,왕대박감자탕
에프샵2,왕대박감자탕
엔제리너스강남교보타워,왕대박감자탕
엘투제이뮈렌,왕대박감자탕
연화산,왕대박감자탕
커피빈강남대로점,왕대박감자탕
커피빈서초우성점,왕대박감자탕
토니모리강남점,왕대박감자탕
파리바게뜨,왕대박감자탕
파리크라상강남역,왕대박감자탕
파스쿠찌,왕대박감자탕
황토감자탕,왕대박감자탕
(주)거북곱창,주식회사비에스케이코퍼레이션
CJ올리브네트웍스역삼점,주식회사비에스케이코퍼레이션
GS25서초제일점,주식회사비에스케이코퍼레이션
KFC서초동,주식회사비에스케이코퍼레이션
강남일미포차,주식회사비에스케이코퍼레이션
금문도,주식회사비에스케이코퍼레이션
김영모과자점,주식회사비에스케이코퍼레이션
더샘강남역점,주식회사비에스케이코퍼레이션
도미노피자서초점,주식회사비에스케이코퍼레이션
도스타코스본점,주식회사비에스케이코퍼레이션
두나서점도곡점,주식회사비에스케이코퍼레이션
디에이비강남점,주식회사비에스케이코퍼레이션
뚜레쥬르서초역점,주식회사비에스케이코퍼레이션
마키노차야역삼점,주식회사비에스케이코퍼레이션
매드포갈릭예술의전당점,주식회사비에스케이코퍼레이션
맥도날드강남점,주식회사비에스케이코퍼레이션
미니스톱강남센터점,주식회사비에스케이코퍼레이션
봉피양,주식회사비에스케이코퍼레이션
빈로이,주식회사비에스케이코퍼레이션
삼통치킨,주식회사비에스케이코퍼레이션
세븐일레븐양재점,주식회사비에스케이코퍼레이션
아리따움강남역지하점,주식회사비에스케이코퍼레이션
아웃백양재점,주식회사비에스케이코퍼레이션
아이제이,주식회사비에스케이코퍼레이션
에프샵2,주식회사비에스케이코퍼레이션
엔제리너스강남교보타워,주식회사비에스케이코퍼레이션
엘투제이뮈렌,주식회사비에스케이코퍼레이션
연화산,주식회사비에스케이코퍼레이션
커피빈강남대로점,주식회사비에스케이코퍼레이션
커피빈서초우성점,주식회사비에스케이코퍼레이션
토니모리강남점,주식회사비에스케이코퍼레이션
파리바게뜨,주식회사비에스케이코퍼레이션
파리크라상강남역,주식회사비에스케이코퍼레이션
황토감자탕,주식회사비에스케이코퍼레이션
(주)거북곱창,커피빈강남대로점
(주)대한음악사서초지점,커피빈강남대로점
CJ올리브네트웍스역삼점,커피빈강남대로점
GS25서초제일점,커피빈강남대로점
KFC서초동,커피빈강남대로점
강남일미포차,커피빈강남대로점
교촌치킨역삼1호점,커피빈강남대로점
금문도,커피빈강남대로점
김영모과자점,커피빈강남대로점
더샘강남역점,커피빈강남대로점
도미노피자서초점,커피빈강남대로점
도스타코스본점,커피빈강남대로점
디에이비강남점,커피빈강남대로점
뚜레쥬르서초역점,커피빈강남대로점
마키노차야역삼점,커피빈강남대로점
만리성,커피빈강남대로점
매드포갈릭예술의전당점,커피빈강남대로점
맥도날드강남점,커피빈강남대로점
미니스톱강남센터점,커피빈강남대로점
봉피양,커피빈강남대로점
빈로이,커피빈강남대로점
삼통치킨,커피빈강남대로점
서초버드나무집,커피빈강남대로점
세븐일레븐양재점,커피빈강남대로점
아리따움강남역지하점,커피빈강남대로점
아웃백양재점,커피빈강남대로점
아이제이,커피빈강남대로점
에프샵2,커피빈강남대로점
엔제리너스강남교보타워,커피빈강남대로점
엘투제이뮈렌,커피빈강남대로점
연화산,커피빈강남대로점
왕대박감자탕,커피빈강남대로점
주식회사비에스케이코퍼레이션,커피빈강남대로점
커피빈서초우성점,커피빈강남대로점
탐앤탐스서초점,커피빈강남대로점
토니모리강남점,커피빈강남대로점
파리바게뜨,커피빈강남대로점
파리크라상강남역,커피빈강남대로점
파스쿠찌,커피빈강남대로점
한국아트체인,커피빈강남대로점
황토감자탕,커피빈강남대로점
(주)거북곱창,커피빈서초우성점
(주)대한음악사서초지점,커피빈서초우성점
CJ올리브네트웍스역삼점,커피빈서초우성점
GS25서초제일점,커피빈서초우성점
KFC서초동,커피빈서초우성점
강남일미포차,커피빈서초우성점
교촌치킨역삼1호점,커피빈서초우성점
금문도,커피빈서초우성점
김영모과자점,커피빈서초우성점
더샘강남역점,커피빈서초우성점
도미노피자서초점,커피빈서초우성점
도스타코스본점,커피빈서초우성점
두나서점도곡점,커피빈서초우성점
디에이비강남점,커피빈서초우성점
뚜레쥬르서초역점,커피빈서초우성점
마키노차야역삼점,커피빈서초우성점
맥도날드강남점,커피빈서초우성점
미니스톱강남센터점,커피빈서초우성점
봉피양,커피빈서초우성점
빈로이,커피빈서초우성점
삼통치킨,커피빈서초우성점
서초버드나무집,커피빈서초우성점
세븐일레븐양재점,커피빈서초우성점
아리따움강남역지하점,커피빈서초우성점
아웃백양재점,커피빈서초우성점
아이제이,커피빈서초우성점
에프샵2,커피빈서초우성점
엔제리너스강남교보타워,커피빈서초우성점
엘투제이뮈렌,커피빈서초우성점
연화산,커피빈서초우성점
왕대박감자탕,커피빈서초우성점
주식회사비에스케이코퍼레이션,커피빈서초우성점
커피빈강남대로점,커피빈서초우성점
토니모리강남점,커피빈서초우성점
파리바게뜨,커피빈서초우성점
파리크라상강남역,커피빈서초우성점
파스쿠찌,커피빈서초우성점
한국아트체인,커피빈서초우성점
황토감자탕,커피빈서초우성점
KFC서초동,탐앤탐스서초점
도미노피자서초점,탐앤탐스서초점
두나서점도곡점,탐앤탐스서초점
뚜레쥬르서초역점,탐앤탐스서초점
만리성,탐앤탐스서초점
매드포갈릭예술의전당점,탐앤탐스서초점
맥도날드강남점,탐앤탐스서초점
미니스톱강남센터점,탐앤탐스서초점
봉피양,탐앤탐스서초점
빈로이,탐앤탐스서초점
삼통치킨,탐앤탐스서초점
서초버드나무집,탐앤탐스서초점
아이제이,탐앤탐스서초점
에프샵2,탐앤탐스서초점
엔제리너스강남교보타워,탐앤탐스서초점
연화산,탐앤탐스서초점
커피빈강남대로점,탐앤탐스서초점
파리크라상강남역,탐앤탐스서초점
파스쿠찌,탐앤탐스서초점
(주)거북곱창,토니모리강남점
(주)대한음악사서초지점,토니모리강남점
CJ올리브네트웍스역삼점,토니모리강남점
GS25서초제일점,토니모리강남점
KFC서초동,토니모리강남점
강남일미포차,토니모리강남점
교촌치킨역삼1호점,토니모리강남점
금문도,토니모리강남점
김영모과자점,토니모리강남점
더샘강남역점,토니모리강남점
도스타코스본점,토니모리강남점
두나서점도곡점,토니모리강남점
디에이비강남점,토니모리강남점
뚜레쥬르서초역점,토니모리강남점
마키노차야역삼점,토니모리강남점
맥도날드강남점,토니모리강남점
미니스톱강남센터점,토니모리강남점
미스터피자선릉점,토니모리강남점
봉피양,토니모리강남점
빈로이,토니모리강남점
삼통치킨,토니모리강남점
아리따움강남역지하점,토니모리강남점
아웃백양재점,토니모리강남점
아이제이,토니모리강남점
에프샵2,토니모리강남점
엔제리너스강남교보타워,토니모리강남점
엘투제이뮈렌,토니모리강남점
왕대박감자탕,토니모리강남점
주식회사비에스케이코퍼레이션,토니모리강남점
커피빈강남대로점,토니모리강남점
커피빈서초우성점,토니모리강남점
파리바게뜨,토니모리강남점
파리크라상강남역,토니모리강남점
파스쿠찌,토니모리강남점
황토감자탕,토니모리강남점
(주)거북곱창,파리바게뜨
(주)대한음악사서초지점,파리바게뜨
CJ올리브네트웍스역삼점,파리바게뜨
GS25서초제일점,파리바게뜨
KFC서초동,파리바게뜨
강남일미포차,파리바게뜨
고종의아침,파리바게뜨
교촌치킨역삼1호점,파리바게뜨
금문도,파리바게뜨
김영모과자점,파리바게뜨
더샘강남역점,파리바게뜨
도미노피자서초점,파리바게뜨
도스타코스본점,파리바게뜨
두나서점도곡점,파리바게뜨
디에이비강남점,파리바게뜨
뚜레쥬르서초역점,파리바게뜨
마키노차야역삼점,파리바게뜨
매드포갈릭예술의전당점,파리바게뜨
맥도날드강남점,파리바게뜨
미니스톱강남센터점,파리바게뜨
미스터피자선릉점,파리바게뜨
봉피양,파리바게뜨
빈로이,파리바게뜨
삼통치킨,파리바게뜨
서초버드나무집,파리바게뜨
세븐일레븐양재점,파리바게뜨
아리따움강남역지하점,파리바게뜨
아웃백양재점,파리바게뜨
아이제이,파리바게뜨
에프샵2,파리바게뜨
엔제리너스강남교보타워,파리바게뜨
엘투제이뮈렌,파리바게뜨
연화산,파리바게뜨
왕대박감자탕,파리바게뜨
주식회사비에스케이코퍼레이션,파리바게뜨
커피빈강남대로점,파리바게뜨
커피빈서초우성점,파리바게뜨
토니모리강남점,파리바게뜨
파리크라상강남역,파리바게뜨
파스쿠찌,파리바게뜨
한국아트체인,파리바게뜨
황토감자탕,파리바게뜨
(주)거북곱창,파리크라상강남역
(주)대한음악사서초지점,파리크라상강남역
CJ올리브네트웍스역삼점,파리크라상강남역
GS25서초제일점,파리크라상강남역
KFC서초동,파리크라상강남역
강남일미포차,파리크라상강남역
고종의아침,파리크라상강남역
고향한식부폐,파리크라상강남역
교촌치킨역삼1호점,파리크라상강남역
금문도,파리크라상강남역
김영모과자점,파리크라상강남역
더샘강남역점,파리크라상강남역
도미노피자서초점,파리크라상강남역
도스타코스본점,파리크라상강남역
두나서점도곡점,파리크라상강남역
디에이비강남점,파리크라상강남역
뚜레쥬르서초역점,파리크라상강남역
마키노차야역삼점,파리크라상강남역
만리성,파리크라상강남역
맥도날드강남점,파리크라상강남역
미니스톱강남센터점,파리크라상강남역
봉피양,파리크라상강남역
빈로이,파리크라상강남역
삼통치킨,파리크라상강남역
서초버드나무집,파리크라상강남역
세븐일레븐양재점,파리크라상강남역
아리따움강남역지하점,파리크라상강남역
아웃백양재점,파리크라상강남역
아이제이,파리크라상강남역
에프샵2,파리크라상강남역
엔제리너스강남교보타워,파리크라상강남역
엘투제이뮈렌,파리크라상강남역
연화산,파리크라상강남역
왕대박감자탕,파리크라상강남역
주식회사비에스케이코퍼레이션,파리크라상강남역
커피빈강남대로점,파리크라상강남역
커피빈서초우성점,파리크라상강남역
탐앤탐스서초점,파리크라상강남역
토니모리강남점,파리크라상강남역
파리바게뜨,파리크라상강남역
파스쿠찌,파리크라상강남역
황토감자탕,파리크라상강남역
(주)거북곱창,파스쿠찌
CJ올리브네트웍스역삼점,파스쿠찌
GS25서초제일점,파스쿠찌
KFC서초동,파스쿠찌
강남일미포차,파스쿠찌
고종의아침,파스쿠찌
교촌치킨역삼1호점,파스쿠찌
금문도,파스쿠찌
김영모과자점,파스쿠찌
더샘강남역점,파스쿠찌
도미노피자서초점,파스쿠찌
도스타코스본점,파스쿠찌
두나서점도곡점,파스쿠찌
디에이비강남점,파스쿠찌
뚜레쥬르서초역점,파스쿠찌
마키노차야역삼점,파스쿠찌
매드포갈릭예술의전당점,파스쿠찌
맥도날드강남점,파스쿠찌
미니스톱강남센터점,파스쿠찌
봉피양,파스쿠찌
빈로이,파스쿠찌
삼통치킨,파스쿠찌
서초버드나무집,파스쿠찌
세븐일레븐양재점,파스쿠찌
아리따움강남역지하점,파스쿠찌
아웃백양재점,파스쿠찌
에프샵2,파스쿠찌
엔제리너스강남교보타워,파스쿠찌
엘투제이뮈렌,파스쿠찌
연화산,파스쿠찌
왕대박감자탕,파스쿠찌
커피빈강남대로점,파스쿠찌
커피빈서초우성점,파스쿠찌
탐앤탐스서초점,파스쿠찌
토니모리강남점,파스쿠찌
파리바게뜨,파스쿠찌
파리크라상강남역,파스쿠찌
황토감자탕,파스쿠찌
(주)대한음악사서초지점,한국아트체인
CJ올리브네트웍스역삼점,한국아트체인
GS25서초제일점,한국아트체인
KFC서초동,한국아트체인
교촌치킨역삼1호점,한국아트체인
김영모과자점,한국아트체인
더샘강남역점,한국아트체인
도미노피자서초점,한국아트체인
도스타코스본점,한국아트체인
디에이비강남점,한국아트체인
뚜레쥬르서초역점,한국아트체인
매드포갈릭예술의전당점,한국아트체인
맥도날드강남점,한국아트체인
미니스톱강남센터점,한국아트체인
미스터피자선릉점,한국아트체인
봉피양,한국아트체인
빈로이,한국아트체인
서초버드나무집,한국아트체인
세븐일레븐양재점,한국아트체인
아리따움강남역지하점,한국아트체인
엔제리너스강남교보타워,한국아트체인
엘투제이뮈렌,한국아트체인
커피빈강남대로점,한국아트체인
커피빈서초우성점,한국아트체인
파리바게뜨,한국아트체인
황토감자탕,한국아트체인
(주)거북곱창,황토감자탕
CJ올리브네트웍스역삼점,황토감자탕
GS25서초제일점,황토감자탕
KFC서초동,황토감자탕
강남일미포차,황토감자탕
교촌치킨역삼1호점,황토감자탕
금문도,황토감자탕
김영모과자점,황토감자탕
더샘강남역점,황토감자탕
도미노피자서초점,황토감자탕
도스타코스본점,황토감자탕
디에이비강남점,황토감자탕
뚜레쥬르서초역점,황토감자탕
마키노차야역삼점,황토감자탕
만리성,황토감자탕
맥도날드강남점,황토감자탕
미니스톱강남센터점,황토감자탕
미스터피자선릉점,황토감자탕
봉피양,황토감자탕
빈로이,황토감자탕
삼통치킨,황토감자탕
서초버드나무집,황토감자탕
세븐일레븐양재점,황토감자탕
아리따움강남역지하점,황토감자탕
아웃백양재점,황토감자탕
에프샵2,황토감자탕
엔제리너스강남교보타워,황토감자탕
엘투제이뮈렌,황토감자탕
연화산,황토감자탕
왕대박감자탕,황토감자탕
주식회사비에스케이코퍼레이션,황토감자탕
커피빈강남대로점,황토감자탕
커피빈서초우성점,황토감자탕
토니모리강남점,황토감자탕
파리바게뜨,황토감자탕
파리크라상강남역,황토감자탕
파스쿠찌,황토감자탕
한국아트체인,황토감자탕
강남일미포차,직장인
강남일미포차,홀
강남일미포차,해산물
강남일미포차,호프
토니모리강남점,토니모리
토니모리강남점,화장품
에프샵2,패션
에프샵2,구두
세븐일레븐양재점,세븐일레븐
세븐일레븐양재점,편리함
세븐일레븐양재점,간편
삼통치킨,직장인
삼통치킨,홀
삼통치킨,치킨
삼통치킨,호프
마키노차야역삼점,점심
마키노차야역삼점,저녁
마키노차야역삼점,가족
마키노차야역삼점,단체
마키노차야역삼점,고급진
마키노차야역삼점,고가
마키노차야역삼점,뷔페
마키노차야역삼점,다양
마키노차야역삼점,유명한
마키노차야역삼점,예약
마키노차야역삼점,기념일
봉피양,국수
봉피양,고기집
봉피양,직장인
봉피양,점심
봉피양,저녁
봉피양,단체
봉피양,고급진
봉피양,고가
만리성,중식
만리성,점심
만리성,직장인
만리성,편안함
만리성,중저가
김영모과자점,카페
김영모과자점,베이커리
김영모과자점,테이크아웃
김영모과자점,케잌
김영모과자점,빠띠쉐
아이제이,구두
주식회사비에스케이코퍼레이션,화장품
엘투제이뮈렌,점심
엘투제이뮈렌,저녁
엘투제이뮈렌,직장인
엘투제이뮈렌,편안함
엘투제이뮈렌,저가
엘투제이뮈렌,양식
엘투제이뮈렌,숨은
엘투제이뮈렌,예약
다이타네일예진미인,화장품
파리바게뜨,카페
파리바게뜨,저가
파리바게뜨,베이커리
파리바게뜨,케잌
매드포갈릭예술의전당점,점심
매드포갈릭예술의전당점,저녁
매드포갈릭예술의전당점,가족
매드포갈릭예술의전당점,연인
매드포갈릭예술의전당점,고급진
매드포갈릭예술의전당점,고가
매드포갈릭예술의전당점,단품
매드포갈릭예술의전당점,기념일
파스쿠찌,파스쿠찌
파스쿠찌,커피
연화산,점심
연화산,가족
연화산,직장인
연화산,고급진
연화산,단체
연화산,중식
연화산,고가
맥도날드강남점,패스트푸드
맥도날드강남점,친구
맥도날드강남점,싱글
맥도날드강남점,편리함
맥도날드강남점,햄버거
고향한식부폐,점심
고향한식부폐,저가
고향한식부폐,직장인
고향한식부폐,뷔페
고향한식부폐,싱글
고향한식부폐,다양
고향한식부폐,평일
고향한식부폐,편안함
고향한식부폐,매일
아리따움강남역지하점,아리따움
아리따움강남역지하점,화장품
뚜레쥬르서초역점,카페
뚜레쥬르서초역점,저가
뚜레쥬르서초역점,베이커리
뚜레쥬르서초역점,케잌
(주)거북곱창,고기집
(주)거북곱창,유명한
(주)거북곱창,고가
서초버드나무집,고기집
서초버드나무집,고급진
서초버드나무집,고가
서초버드나무집,연인
서초버드나무집,가족
서초버드나무집,유명한
도미노피자서초점,배달
도미노피자서초점,가족
도미노피자서초점,편리함
도미노피자서초점,양식
GS25서초제일점,GS25
GS25서초제일점,편리함
GS25서초제일점,간편
디에이비강남점,패션
디에이비강남점,구두
교촌치킨역삼1호점,배달
교촌치킨역삼1호점,가족
교촌치킨역삼1호점,치킨
교촌치킨역삼1호점,호프
더샘강남역점,더샘
더샘강남역점,화장품
고종의아침,저녁
고종의아침,카페
고종의아침,싱글
고종의아침,연인
고종의아침,친구
고종의아침,고급진
고종의아침,편안함
고종의아침,고가
커피빈강남대로점,커피빈
커피빈강남대로점,커피
커피빈서초우성점,커피빈
커피빈서초우성점,커피
아웃백양재점,점심
아웃백양재점,저녁
아웃백양재점,가족
아웃백양재점,연인
아웃백양재점,단체
아웃백양재점,고급진
아웃백양재점,고가
아웃백양재점,단품
아웃백양재점,유명한
아웃백양재점,예약
아웃백양재점,기념일
KFC서초동,패스트푸드
KFC서초동,친구
KFC서초동,싱글
KFC서초동,편리함
KFC서초동,햄버거
KFC서초동,치킨
왕대박감자탕,한식
왕대박감자탕,직장인
왕대박감자탕,연인
왕대박감자탕,친구
왕대박감자탕,저가
미니스톱강남센터점,미니스톱
미니스톱강남센터점,편리함
미니스톱강남센터점,간편
CJ올리브네트웍스역삼점,올리브영
CJ올리브네트웍스역삼점,편리함
CJ올리브네트웍스역삼점,간편
미스터피자선릉점,배달
미스터피자선릉점,가족
미스터피자선릉점,친구
미스터피자선릉점,편리함
미스터피자선릉점,피자
한국아트체인,아트샵
한국아트체인,미술
한국아트체인,공예품
한국아트체인,상설
금문도,중식
금문도,점심
금문도,단체
금문도,편안함
금문도,중저가
황토감자탕,한식
황토감자탕,점심
황토감자탕,직장인
황토감자탕,유명한
황토감자탕,저가
황토감자탕,싱글
도스타코스본점,점심
도스타코스본점,저녁
도스타코스본점,친구
도스타코스본점,연인
도스타코스본점,편암함
도스타코스본점,저가
도스타코스본점,양식
도스타코스본점,예약
도스타코스본점,유명한
두나서점도곡점,서적
엔제리너스강남교보타워,엔제리너스
엔제리너스강남교보타워,커피
(주)툴쿠아즈,점심
(주)툴쿠아즈,저녁
(주)툴쿠아즈,양식
(주)툴쿠아즈,연인
(주)툴쿠아즈,중저가
(주)툴쿠아즈,숨은
파리크라상강남역,카페
파리크라상강남역,저가
파리크라상강남역,베이커리
파리크라상강남역,케잌
(주)대한음악사서초지점,음반
(주)대한음악사서초지점,악보
(주)대한음악사서초지점,도서
탐앤탐스서초점,탐앤탐스
탐앤탐스서초점,커피
빈로이,베트남
빈로이,점심
빈로이,저녁
빈로이,연인
빈로이,고급진
빈로이,고가
빈로이,친절
빈로이,유명한
